name,subject,location,cams
claire_moulin,bonjour! /111 wave / 399 flash boobs/ 1000 booom! #french #lovense #bigboobs #cum,France,"3.3 hrs, 13614 viewers"
yesonee,make my clit happy play with domi [0 tokens remaining],Russia,"8.4 hrs, 13950 viewers"
laila_laurent,"good morning, just chillin with #lush / flash sale - tip 525 tks for 20 hd videos + snap4life [0 tokens remaining]",Northern Europe,"1.7 hrs, 10518 viewers"
_goalexgo_,shh â¤ï¸@15 goals fuck pussyâ¤ï¸they don't know i'm onlineâ¤ï¸help me be hornyâ¤ï¸â¤ï¸ #lovense #ohmibod #interactivetoy,love,"1.0 hrs, 7710 viewers"
ms_guinevere,your horny girl xxx can u make me cum? goal@50 - multi-goal : :* #squirt #lovense #domi,Dalaran,"2.0 hrs, 11044 viewers"
letizia_fulkers,make me happy todayâ¤ï¸play with my boobsâ¤ï¸lovense onâ­pvt open!â­ #bigboobs #latina #new #teen #asian #anal #squirt #cum #domi #blowjob #footjob #doublepenetration #torsodildo #fuckmachine #lovense #pvt,Colombia,"4.2 hrs, 8809 viewers"
lanna_and_leo,double fuck simultaneously - cawgirl âš¡ [175 tokens left] blowjob âš¡ fuck harder âš¡ vote cum on face âš¡ #latina #bigboobs #smalltits #young #natural,Medellin - Colombia,"2.4 hrs, 10528 viewers"
aliciawonder_,â­ï¸ aliciaÂ´s room â­ï¸ fingering pussy in doggy [1766 tokens left] #domi #anal #daddy #latina #exhibitionist,Colombia,"1.9 hrs, 6452 viewers"
flob99,jerk off! [600 tokens remaining] #hairy #german #feet #socks #cut,Europa,"2 mins, 2 viewers"
milkk_coffe,cum all over my face! blowjob at goal 1. deepthroat every goal. ride at goal 6!! fuck face at goal 8 anal fuck at goal 10!!! cum at goal 15 - repeating goal: - #anal #bdsm #bigass #creampie #pvt,your dreams,"3.3 hrs, 10779 viewers"
fit___girl,"hi dear! just enjoy here #lovense lush is on, make me cum #ass #young #natural #fit",chaturbate,"2.9 hrs, 2843 viewers"
emilyn_keating,â¤ï¸goal:â­ï¸ cum show â­ï¸ #18 #teamemilyn #new #latina #natural #squirt [2013 tokens remaining],La arenosa,"3.5 hrs, 8878 viewers"
ginger_pie,âŒ› ğ—›ğ—¢ğ—¥ğ—¡ğ—¬ ğ—›ğ—¢ğ—¨ğ—¥ğ—¦ ğ—ªğ—œğ—§ğ—› ğ—¬ğ—¢ğ—¨ğ—¥ ğ—™ğ—”ğ—©ğ—¢ğ—¥ğ—œğ—§ğ—˜ ğ—•ğ—¥ğ—”ğ—§ âŒ› - goal reached! #teen #feet #bigboobs #redhead #daddy,"ğ“˜ğ“· ğ”‚ğ“¸ğ“¾ğ“» ğ“ªğ“»ğ“¶ğ“¼,ğ“»ğ“®ğ“¬ğ“®ğ“²ğ“¿ğ“²ğ“·ğ“° ğ“¬ğ“¾ğ“­ğ“­ğ“µğ“®ğ“¼ ğ“ªğ“·ğ“­ ğ“¯ğ“¸ğ“»ğ“®ğ“±ğ“®ğ“ªğ“­ ğ“´ğ“²ğ“¼ğ“¼ğ“®ğ“¼","1.7 hrs, 2123 viewers"
opurel,goal reached! thanks to all tippers! #shy #new #schoolgirl #teen #daddy,North,"7.9 hrs, 1374 viewers"
your_kat,multi goal: â¤ï¸ naked tease + live cameraâ¤ï¸ of - sevenkiss link in bioâ¤ï¸ hot videos in bioâ¤ï¸ [5000tk each goal] #lovense #lush #cumshow #bigboobs #blondie,Dreamland,"1.1 hrs, 2010 viewers"
anyarayne,happy #naughty monday !! make me #squirt #cum #fingering #office,paradise,"2.7 hrs, 1723 viewers"
tattoo_ninja_kitty,tip if you wanna get this kitty wet booâ™¥ 99 tk to flash boobs/ 999 tk for 90 vids( single and couple)/ 300 tk snap for life â™¥ #squirt #cum #wet #pussy #lovense #ohmibod #bigtits #bigboobs,The upside down,"1.7 hrs, 1766 viewers"
barbaradance,/ - goal is : â¤suck cock get naked â¤ #sex #bj #cum #couple,Chaturbate,"1.0 hrs, 624 viewers"
kjfucks,dildo pussy and dirty talk @ goal â¤ - multi goal: come make my panties wet [1000tk each goal] #young #teen #bigboobs #cumshot #lush #lovense #squirt #anal #irish,ireland,"1.9 hrs, 1786 viewers"
little_paradise,#cum #lush #ohmibod #bigdick #pvt - goal is : 4999 #lovense,chaturbate,"31 mins, 935 viewers"
john_cata,at 100 goals i cum #couple #bigass #anal #blonde,Europe,"1.3 hrs, 3319 viewers"
thiago3_3,show oil on my top part #18 #bigcock #bisexual #new #latino #young [1376 tokens left],"Bogota D.C., Colombia","1.3 hrs, 1380 viewers"
pamelashineebb,moooaaaanday! lets have fun and fuck with #lovense for hot cum! - multi goal: cumshow/anal show/deepthroat [841 tokens left] #anal #deepthroat #teen #cum,Chaturbate,"1.7 hrs, 1281 viewers"
1k1_nights,top off at goal <3 ...103 is the best! [tip in ascending order from 1 to 55. next tip needed: 42],Kingdom far far away...,"3.0 hrs, 1970 viewers"
lsqueen,im gonna wreck asshole so hard today @51 hard anal fuck@100 bbc dildo @200 goal eat toy - multi goal: anal show [100tk each goal] #flexible #anal #feet #teen #lovense #bigass #young #deepthroat #pet,S-P-K (Special Provision for Kira) BEST GOTHIC CAM 2020,"1.3 hrs, 1096 viewers"
unicorngirls,welcome guys!we are jeny and sandy. goal:: : masturbating until cum #lovense #lush #squirt #young #student [179 tokens left] new 18 students,Russia,"12.6 hrs, 1189 viewers"
whats_her_name,"shhh , my step bro and my step cousin are here , make me cum ! #mistress #findom #suggarbaby #ass #cum #lovense #daddy #young #feet #natural #shhh #squirt",.,"5.8 hrs, 1778 viewers"
allisonpalmer,lovense: interactive toy that vibrates with your tips #lovense #ohmibod #interactivetoy,"MedellÃ­n, Colombia","38 mins, 1463 viewers"
mollyflwers,tip 60 tokens to roll the dice!,.,"1.6 hrs, 731 viewers"
angela_ride,"lush: 5/10/20/50/100/200/500/1000/2000| 1,2,3,4 fingers in pussy-66/122/188/244, ass-88/144/233/322| 1 min wand-222| #young #flexible #creamy #cum #anal of: @angela_ride",Ukraine,"1.8 hrs, 1047 viewers"
anna_mariia,â¤ï¸ welcome everyone! goal: swap saliva [200 tokens left] #lovense #teen #anal #squirt #blonde #cum #feet,Belarus,"52 mins, 958 viewers"
marianacruzz,anal show@gâ¤ #anal #petite #ahegao #18 #latina [672 tokens remaining],ğ¼ğ“ƒ ğ“ğ‘œğ“Šğ“‡ ğ’·ğ‘’ğ’¹ â¤,"4.1 hrs, 1394 viewers"
ban_sexy,help me to explode caramelo ;) #cum #muscle #bigass #sexy #lovense #dick #strong [1110 tokens remaining],Colombia,"5.5 hrs, 1413 viewers"
shantallknowless,your face would look better between my legs - multi goal: cum whit my dildo... donÂ´t miss it â™¥â™¥â™¥ [714 tokens left] #bigboobs #anal #squirt #latina #ebony,Medellin/Colombia,"4.9 hrs, 1070 viewers"
annemanifique,pool fun! - multi-goal : make us go crazy! #lovense #teen #feet #bigass #smalltits,Europe,"4.5 hrs, 3196 viewers"
clsx_x,afternoon #british,"England, United Kingdom","2.2 hrs, 1062 viewers"
amazing_alle,shht at #work 100xgoals=lift up alice dress #secretary #lovense #new #18 #office - multi-goal : â¤i'm hotâ¤ make me cumâ—€555 for control lush 5 mins! #office #secretary #teen #cum #lovense #interactive,Heaven,"5.0 hrs, 974 viewers"
broadwaysex,fucck pussy and cum [270 tokens remaining],"Bogota D.C., Colombia","3.2 hrs, 1563 viewers"
kate_19_,"hi guys, i'm with my best friend today, don't be mean to her lol (no show de lesbianas) #lovense #ohmibod #interactivetoy #18 #teen #student",YOUR DREAMS,"3.2 hrs, 1149 viewers"
im_lauracherry,goal reached! thanks to all tippers! #latina #naughty #bigpussy #bigass #squirt,( ï¼¾â—¡ï¼¾)ã£ (â€¿|â€¿),"5.3 hrs, 357 viewers"
english_rose__,lovense lush : device that vibrates longer at your tips and gives me pleasures #lovense,UK,"1.7 hrs, 1087 viewers"
sweet_princess_26,tip 50 tokens to roll the dice and win a prize!,your dreams,"1.7 hrs, 1145 viewers"
antoni_delvin,full naked [150 tokens left],Finland,"4.1 hrs, 1167 viewers"
annbarby,hello dears! my name is nika ) i am flexible girl - goal reached! #lovense #dildo #domi #anal #pussy,Russia :),"54 mins, 777 viewers"
wh4thefuck,happy monday! #office lush vibez w 15 + !!! try 234 and hit lvl 6 for more fun!! ! monthly ht gets 4 hours one on one session !!! todays highest tip gets a juicy vid!,FuckingAmazing's Land!!!,"7.4 hrs, 805 viewers"
notyourstepsister1,cum for you with wand [0 tokens remaining],Your Bed,"3.2 hrs, 406 viewers"
sweetnameless,â™¥ let's have fun! but... don't make me scream â™¥ #lovense #naked #squirt #lush #cum #domi #bigboobs #latina #ohmibod #ass #bigtits #bigass #new #milf,Chaturbate,"36 mins, 876 viewers"
crazybabyyy,"doing lessons with nika - very shy girl. they don't have idea i'm online =) maybe we can play? spin wheel 44. tip menu active. private open #squirt, #teen #, #deepthroat #, #cum #,18",Near,"2.1 hrs, 1473 viewers"
charlottecoy,flash ass (Â´ï½¡â€¢ áµ• â€¢ï½¡) â™¡ #shy #18 #new #model #teen [100 tokens remaining],STUDIO WITH THE BEST MODELS,"7.1 hrs, 458 viewers"
innocentemmy,havent cum yet #bigboobs #squirt #anal #lush #pussy,cumland,"2.2 hrs, 854 viewers"
roxy_jo,â™¥ - multi goal: make me so wet! squirtâ™¥ make rain â™¥ #squirt [4444tk each goal] #lovense #young #squirt #domi #hitachi #nora #tattoo #piercing,in your mindâ™¥,"2.0 hrs, 968 viewers"
cathleenprecious,#blowjob #dildo #feet #lovense #footjob,Venus,"1.5 hrs, 732 viewers"
lillpio,ready set cum - multi-goal : cum show/slap ass real hard 1 min #smalltits #18 #teen #feet #anal,Europe,"1.4 hrs, 839 viewers"
harv1023,"#c2c, #pvt, #requests tips are welcomed and appreciated.","Southern Michigan, United States","3.6 hrs, 739 viewers"
better_you,"let's fuck the throat with tongue out, reset goal more action//goal nÂ°5 naked -goal nÂ°10 start hard sex no condom #18 #lovense #bigboobs #squirt #anal / pvt is open all is possible","New Jersey, United States","2.2 hrs, 1287 viewers"
shinyplace,hard anal or squirt /// #german #anal #ebony [598 tokens remaining],zu Hause,"2.7 hrs, 947 viewers"
riotaa_,special tips 7â™¥17â™¥27â™¥57 â™¥207â™¥â¤ï¸ #asian #lovense #bigboobs #18 #shaved,Tokyo Japan,"3.2 hrs, 939 viewers"
zac_ross,good morning !! sebastian likes to spend time at my house watching netflix .. he has a giant cock he doesn't know we have lovense in his ass shhh #bigcock #lovense #hetero #suck #gay #latino,colombia,"3.0 hrs, 994 viewers"
abie_owen,lovense lush is on - tip & try to make me naughty!|happy day|if you love me 111tks|doggy flash 160tks|blowjob flash 120tks|calendar 2021-- 599tks|naked flash -280tks|all .tips .are .appreciated| #young,your world,"2.4 hrs, 735 viewers"
sinacampby,hello guys! goal: masturbating until cum ! #couple #couple #lush #teen #squirt #young [592 tokens left] lush in on! have good mood!,ask me,"12.2 hrs, 910 viewers"
onlyelila,i'm back!! <3 quick show! cum at the end ;) - goal: fuck her tight ass #new #anal #blonde #bigboobs,//,"23 mins, 705 viewers"
babesgowild,multi goal: don't let her hear me! lovense on!try 100 fast to torture me ! [473 tokens left] #pantyhose #squirt #bigboobs 18 #anal,United Kingdom,"3.3 hrs, 903 viewers"
sweet__sugar,hello:),Europe,"31 mins, 497 viewers"
radiancevivian,pvt is open! // 1000tip make me go to haven ;)) // fuckmachine reacts on tips// at goal cum with fuckmachine and domi #fuckmachine #cum #shaved #teen #smalltits,;) don't forget to follow me,"51 mins, 716 viewers"
vaiox,cum show at goal or select private show #gay #cum #bigcock #foreskin #uncut #latino #black #german #skinny #submisive #tattoo [3617 tokens remaining],"California, United States","2.1 hrs, 1109 viewers"
bubble_dream,panties 2000|snap sale-400 â¤ every 10 goals dildo show shâ“«w! â¤ lush on! â¤ roll the dice 50 tks â¤ #bigass #cum #legs #stockings #leggings,Norway,"2.1 hrs, 510 viewers"
miakinkdd,full nude [190 tokens left] #bigboobs #lush #machine #fetish #bondage,Northeast,"1.0 hrs, 540 viewers"
merrilyn,"hii, lets make my pussy creamy ;3 #teen #blonde #tightpussy #naughty #daddy",Pussyland,"3.1 hrs, 783 viewers"
redcouchgirl,heloo! #sexy #blond #boobs #teen,Europe,"45 mins, 1277 viewers"
you_love_melisa,"â¤ï¸ #lovense #squirt #anal #feet #hairypussy #young #cum #ass #lush #bigboobs #naked #pvt #new #naked #fingering #cumshow #anal #spit #pussy #c2c #we - multi-goal : â¤ï¸heyy guyssâ¤ï¸ 100 wave, 320 - earthqu",my home hihihi,"3.9 hrs, 1191 viewers"
vvendy,im sick and horny lol - multi-goal : cow girl every 666tk #teen #18 #pantyhose #smalltits #redhead,Euro,"1.3 hrs, 524 viewers"
willhottwil1,2500 goal:suck cock hot and fuck ass deep bareback â™¥â™¥jeffâ™¥willianâ™¥paulâ™¥â™¥â™¥ #gay #bigcock #cum #latina [1610 tokens remaining] #boy #young #hot #sexy #private #followus,chat,"1.3 hrs, 1021 viewers"
martajolie,"kaylin (18) & candice (new girl, 18). world of fulfilling your wishes <3 - goal: scissors [171 tokens left] #lovense #squirt #new #teen #anal",Russia,"1.6 hrs, 947 viewers"
emily_wolker,body tour with ice cube [101 tokens left] #shy #18 #new #teen #newmodel,Chaturbate,"2.4 hrs, 643 viewers"
office_online,â¤i'm hotâ¤ make me cumâ–¶so the boss doesn't catch meâ—€kill my pyssy 255! #office #squirt #ohmibod #lush #young,Office,"55 mins, 704 viewers"
adorableones,"'crazygoal': bj,hard and deep,pussy fuck in your favorite position! #milf #new #anal #mature #bigboobs #rimjob #bigass #",United States,"52 mins, 919 viewers"
soccer_hot,remove coach shirt [328 tokens remaining],"Departamento de Risaralda, Colombia","2.4 hrs, 901 viewers"
mari_and_jandro,we're gonna fuck. tip to make it happen >:o,United States,"33 mins, 339 viewers"
brandiloveee,blowjob)follow my /brandiloveee [642 tokens remaining],Ukraine,"21 mins, 559 viewers"
sexybabyleila,bigtits #squirt #schoolgirl #tattoo #cute #lovense #young # - multi-goal : it's nice to get wet with you #lovense #ohmibod #interactivetoy,"Quebec, Canada","1.2 hrs, 542 viewers"
twswag,lovense: interactive toy that vibrates with your tips - multi-goal : naked #hi #i #am #chengcheng #asian #cute #playful #pvt #lovense #,your room,"3.4 hrs, 705 viewers"
little_izzi,lush deep is inside my pussy. crazy ride for you at goal while i clap my great ass also amazing squirt. give me the best happy new year. mmm [127 tokens remaining],"Andes Mountains {8,000 Feet Above Sea Level}","1.8 hrs, 689 viewers"
_yvie_,at goal: â¤ï¸the shittest roomâ¤ï¸31=dice roll â—† 69=random vibe â—† 1234=trash club [every 99 tokens]. #ahegao #teen #young #redhead #joi #sabotage,MacLaren's Pub,"6.6 hrs, 662 viewers"
shane_clay,lovense lush : buy btc and usdt device that vibrates longer at your tips and gives me pleasures #lovense,MY Home,"4.3 hrs, 1172 viewers"
doloradahappy,goal reached! thanks to all tippers! #bigboobs #young #daddysgirl #cute #lovense,Paradise,"3.0 hrs, 755 viewers"
toxl,my day<3 take off the straps for a few minutes play with me roll the dice #teen #18 #new #young [39 tokens remaining],Switzerland<3,"37 mins, 349 viewers"
bisexlife_hot,"#shhh! happy day! my horny friends have fun at my pool party join us and let's fuck together goal @ 25 sucking a cock @ 35 - multi goal: remove shorts, jeans, shirt @goal25sucking a cock @35fucking a",Colombia-MedellÃ­n,"4.6 hrs, 828 viewers"
russian_kitty,â¤ 5 goals panties off / pvt open! big #squirt 999 tok ! /melissabad7 - multi-goal : crazy show #bigboobs #lovense #ohmibod #natural #bigass #anal,Europe,"1.7 hrs, 497 viewers"
sassiest_nerd,work trainings,Anywhere United States,"2.7 hrs, 350 viewers"
angie_mcqueen,onlyf4ns @angiemcqueenâ¤98tkboobsâ¤89tkpussyâ¤399â¤1999whatssapâ¤450 3 videosâ¤pvt is â¤look tip menu! #lovense #lesbianshow #brunette #bigboobs #bigass #teen #sexy #anal #latina #lovense #brunnete,Bogota,"2.7 hrs, 583 viewers"
alexandra_bx,i want to privat [449 tokens left] #couple #18 #blowjob #naked #teen,Planet Earth,"3.6 hrs, 602 viewers"
